IsDiscounted,TotalSales,OrderCount
1,161173.19296940122,1915
0,1434154.9321906543,16845
