IsDiscounted,AverageOrdersPerCustomer,UniqueCustomers
1,1.827290076335878,1048
0,9.720138488170802,1733
