Category,TotalSales
Gizmo,404989.7102093297
Gadget,429618.72149525903
Doohickey,313883.7294856179
Widget,446835.96396984986
